{"success":true,"message":"","data":[{"id":"G001ZM0000BASEDOCACCBOOK000000000000","mainTableName":"bd_accbook","fullClassName":"com.yonyou.ficloud.basedoc.entity.accbook.AccBookVO","entityName":"accbook","displayName":"账簿","displayName2":null,"displayName3":null,"displayName4":null,"displayName5":null,"displayName6":null,"accessorClass":null,"entityType":null,"attributes":[{"id":"G001ZM0000BASEDOCACCBOOK000000000015","tableName":"bd_accbook","propertyName":"accperiodscheme","displayName":"会计期间方案","columnName":"accperiodscheme","maxLength":40,"numberDigit":null,"isExtend":false,"isSyncDB":true,"assemblyType":20,"dataType":11,"dataTypeInfo":null,"refEntity":{"id":"G001ZM0000BASEDOCACCPERIODSCHEME0000","code":"accperiodscheme","name":"会计期间方案"},"refEntityCode":"accperiodscheme","nullable":false,"defaultvalue":"G001ZM0000DEFAULTACCPERIODSCHEME0001","hidden":null,"enumCode":null,"rowno":null,"unionKey":null},{"id":"G001ZM0000BASEDOCACCBOOK000000000018","tableName":"bd_accbook","propertyName":"accpurposes","displayName":"核算目的","columnName":"accpurposes","maxLength":40,"numberDigit":null,"isExtend":false,"isSyncDB":true,"assemblyType":20,"dataType":11,"dataTypeInfo":null,"refEntity":{"id":"G001ZM0000BASEDOCACCPURPOSES00000000","code":"accpurposes","name":"核算目的"},"refEntityCode":"accpurpose","nullable":false,"defaultvalue":"G001ZM0000DEFAULTACCPURPOSES00000001","hidden":null,"enumCode":null,"rowno":null,"unionKey":null},{"id":"G001ZM0000BASEDOCACCBOOK000000000013","tableName":"bd_accbook","propertyName":"accstandard","displayName":"会计准则","columnName":"accstandard","maxLength":40,"numberDigit":null,"isExtend":false,"isSyncDB":true,"assemblyType":20,"dataType":11,"dataTypeInfo":null,"refEntity":{"id":"G001ZM0000BASEDOCACCSTANDARD00000000","code":"accstandard","name":"会计准则"},"refEntityCode":"accstandard","nullable":false,"defaultvalue":"G001ZM0000DEFAULTACCSTANDARD00000001","hidden":null,"enumCode":null,"rowno":null,"unionKey":null},{"id":"G001ZM0000BASEDOCACCBOOK000000000019","tableName":"bd_accbook","propertyName":"autoaudit","displayName":"自动审批","columnName":"autoaudit","maxLength":40,"numberDigit":null,"isExtend":false,"isSyncDB":true,"assemblyType":10,"dataType":7,"dataTypeInfo":null,"refEntity":null,"refEntityCode":"accpurpose","nullable":false,"defaultvalue":"false","hidden":null,"enumCode":null,"rowno":null,"unionKey":null},{"id":"G001ZM0000BASEDOCACCBOOK000000000020","tableName":"bd_accbook","propertyName":"autotally","displayName":"自动记账","columnName":"autotally","maxLength":10,"numberDigit":null,"isExtend":false,"isSyncDB":true,"assemblyType":10,"dataType":7,"dataTypeInfo":null,"refEntity":null,"refEntityCode":"accpurpose","nullable":false,"defaultvalue":"true","hidden":null,"enumCode":null,"rowno":null,"unionKey":null},{"id":"G001ZM0000BASEDOCACCBOOK000000000002","tableName":"bd_accbook","propertyName":"code","displayName":"编码","columnName":"code","maxLength":50,"numberDigit":null,"isExtend":false,"isSyncDB":true,"assemblyType":10,"dataType":6,"dataTypeInfo":null,"refEntity":null,"refEntityCode":null,"nullable":false,"defaultvalue":null,"hidden":null,"enumCode":null,"rowno":null,"unionKey":null},{"id":"G001ZM0000BASEDOCACCBOOK000000000014","tableName":"bd_accbook","propertyName":"currency","displayName":"本位币","columnName":"currency","maxLength":40,"numberDigit":null,"isExtend":false,"isSyncDB":true,"assemblyType":20,"dataType":11,"dataTypeInfo":null,"refEntity":{"id":"G001ZM0000BASEDOCCURRENCY00000000000","code":"currency","name":"币种"},"refEntityCode":"currency","nullable":false,"defaultvalue":"G001ZM0000DEFAULTCURRENCT00000000001","hidden":null,"enumCode":null,"rowno":null,"unionKey":null},{"id":"G001ZM0000BASEDOCACCBOOK000000000010","tableName":"bd_accbook","propertyName":"description","displayName":"备注","columnName":"description","maxLength":400,"numberDigit":null,"isExtend":false,"isSyncDB":true,"assemblyType":10,"dataType":6,"dataTypeInfo":null,"refEntity":null,"refEntityCode":null,"nullable":true,"defaultvalue":null,"hidden":null,"enumCode":null,"rowno":null,"unionKey":null},{"id":"G001ZM0000BASEDOCACCBOOK000000000011","tableName":"bd_accbook","propertyName":"enable","displayName":"启用","columnName":"enable","maxLength":10,"numberDigit":null,"isExtend":false,"isSyncDB":true,"assemblyType":10,"dataType":7,"dataTypeInfo":null,"refEntity":null,"refEntityCode":null,"nullable":false,"defaultvalue":"true","hidden":null,"enumCode":null,"rowno":null,"unionKey":null},{"id":"G001ZM0000BASEDOCACCBOOK000000000001","tableName":"bd_accbook","propertyName":"id","displayName":"主键","columnName":"id","maxLength":40,"numberDigit":null,"isExtend":false,"isSyncDB":true,"assemblyType":10,"dataType":6,"dataTypeInfo":null,"refEntity":null,"refEntityCode":null,"nullable":true,"defaultvalue":null,"hidden":null,"enumCode":null,"rowno":null,"unionKey":null},{"id":"G001ZM0000BASEDOCACCBOOK000000000017","tableName":"bd_accbook","propertyName":"multidimension","displayName":"科目多维结构","columnName":"multidimension","maxLength":40,"numberDigit":null,"isExtend":false,"isSyncDB":true,"assemblyType":20,"dataType":11,"dataTypeInfo":null,"refEntity":{"id":"G001ZM0000BASEDOCMULTIDIMENSION00000","code":"multidimension","name":"多维结构"},"refEntityCode":"multidimension","nullable":true,"defaultvalue":null,"hidden":null,"enumCode":null,"rowno":null,"unionKey":null},{"id":"G001ZM0000BASEDOCACCBOOK000000000003","tableName":"bd_accbook","propertyName":"name","displayName":"名称","columnName":"name","maxLength":100,"numberDigit":null,"isExtend":false,"isSyncDB":true,"assemblyType":10,"dataType":6,"dataTypeInfo":null,"refEntity":null,"refEntityCode":null,"nullable":false,"defaultvalue":null,"hidden":null,"enumCode":null,"rowno":null,"unionKey":null},{"id":"G001ZM0000BASEDOCACCBOOK000000000009","tableName":"bd_accbook","propertyName":"pk_org","displayName":"组织","columnName":"pk_org","maxLength":40,"numberDigit":null,"isExtend":false,"isSyncDB":true,"assemblyType":20,"dataType":11,"dataTypeInfo":null,"refEntity":{"id":"G001ZM0000BASEDOCORG0000000000000000","code":"org","name":"组织"},"refEntityCode":"org","nullable":false,"defaultvalue":"G001ZM0000BASEDOCDEFAULTORG000000000","hidden":null,"enumCode":null,"rowno":null,"unionKey":null},{"id":"G001ZM0000BASEDOCACCBOOK000000000012","tableName":"bd_accbook","propertyName":"shortname","displayName":"简称","columnName":"shortname","maxLength":50,"numberDigit":null,"isExtend":false,"isSyncDB":true,"assemblyType":10,"dataType":6,"dataTypeInfo":null,"refEntity":null,"refEntityCode":null,"nullable":true,"defaultvalue":null,"hidden":null,"enumCode":null,"rowno":null,"unionKey":null},{"id":"G001ZM0000BASEDOCACCBOOK000000000016","tableName":"bd_accbook","propertyName":"subjectchart","displayName":"科目表","columnName":"subjectchart","maxLength":40,"numberDigit":null,"isExtend":false,"isSyncDB":true,"assemblyType":20,"dataType":11,"dataTypeInfo":null,"refEntity":null,"refEntityCode":"subjectchart","nullable":true,"defaultvalue":"G001ZM0000DEFAULTSUBJECTCHART0000001","hidden":null,"enumCode":null,"rowno":null,"unionKey":null}],"realationship":[]}],"code":1}