{
  "success": true,
  "message": "",
  "data": [
      {
          "id": "columnName",
          "lable": "数据库列名",
          "datatype": 0,
          "length": 50,
          "digit": 0,
          "refinfo": null,
          "refinfocode": null,
          "enumdata": null,
          "hidden": null,
          "defaultvalue": null
      },
      {
          "id": "dataType",
          "lable": "数据类型",
          "datatype": 0,
          "length": 50,
          "digit": 0,
          "refinfo": null,
          "refinfocode": null,
          "enumdata": null,
          "hidden": null,
          "defaultvalue": null
      },
      {
          "id": "dataTypeInfo",
          "lable": "数据信息",
          "datatype": 0,
          "length": 200,
          "digit": 0,
          "refinfo": null,
          "refinfocode": null,
          "enumdata": null,
          "hidden": null,
          "defaultvalue": null
      },
      {
          "id": "defaultvalue",
          "lable": "默认值",
          "datatype": 0,
          "length": 50,
          "digit": 0,
          "refinfo": null,
          "refinfocode": null,
          "enumdata": null,
          "hidden": null,
          "defaultvalue": null
      },
      {
          "id": "displayName",
          "lable": "显示名称",
          "datatype": 0,
          "length": 200,
          "digit": 0,
          "refinfo": null,
          "refinfocode": null,
          "enumdata": null,
          "hidden": null,
          "defaultvalue": null
      },
      {
          "id": "id",
          "lable": "实体标识",
          "datatype": 0,
          "length": 40,
          "digit": 0,
          "refinfo": null,
          "refinfocode": null,
          "enumdata": null,
          "hidden": null,
          "defaultvalue": null
      },
      {
          "id": "isExtend",
          "lable": "扩展属性",
          "datatype": 4,
          "length": 50,
          "digit": 0,
          "refinfo": null,
          "refinfocode": null,
          "enumdata": null,
          "hidden": null,
          "defaultvalue": null
      },
      {
          "id": "isSyncDB",
          "lable": "需要持久化",
          "datatype": 4,
          "length": 50,
          "digit": 0,
          "refinfo": null,
          "refinfocode": null,
          "enumdata": null,
          "hidden": null,
          "defaultvalue": null
      },
      {
          "id": "maxLength",
          "lable": "长度",
          "datatype": 0,
          "length": 50,
          "digit": 0,
          "refinfo": null,
          "refinfocode": null,
          "enumdata": null,
          "hidden": null,
          "defaultvalue": null
      },
      {
          "id": "nullable",
          "lable": "可以接收空数据",
          "datatype": 4,
          "length": 50,
          "digit": 0,
          "refinfo": null,
          "refinfocode": null,
          "enumdata": null,
          "hidden": null,
          "defaultvalue": null
      },
      {
          "id": "numberDigit",
          "lable": "精度",
          "datatype": 0,
          "length": 50,
          "digit": 0,
          "refinfo": null,
          "refinfocode": null,
          "enumdata": null,
          "hidden": null,
          "defaultvalue": null
      },
      {
          "id": "propertyName",
          "lable": "属性名",
          "datatype": 0,
          "length": 50,
          "digit": 0,
          "refinfo": null,
          "refinfocode": null,
          "enumdata": null,
          "hidden": null,
          "defaultvalue": null
      },
      {
          "id": "refEntity",
          "lable": "关联实体",
          "datatype": 0,
          "length": 40,
          "digit": 0,
          "refinfo": null,
          "refinfocode": null,
          "enumdata": null,
          "hidden": null,
          "defaultvalue": null
      },
      {
          "id": "refEntityCode",
          "lable": "关联实体名",
          "datatype": 0,
          "length": 50,
          "digit": 0,
          "refinfo": null,
          "refinfocode": null,
          "enumdata": null,
          "hidden": null,
          "defaultvalue": null
      },
      {
          "id": "tableName",
          "lable": "表名",
          "datatype": 0,
          "length": 50,
          "digit": 0,
          "refinfo": null,
          "refinfocode": null,
          "enumdata": null,
          "hidden": null,
          "defaultvalue": null
      }
  ],
  "code": 1
}