{"data":[{"code":"1001","name":"库存现金","id":"9E3D0C6D-2D37-4265-81DD-33302C525176"},{"code":"100101","name":"aaaa","id":"56B176D1-EF15-498E-AF26-78843E7FBA54"},{"code":"100102","name":"bbbb","id":"71A4D90A-66A9-4FAA-9DDD-80E880F27696"},{"code":"1002","name":"银行存款","id":"E8B24D02-402A-4DD9-A9EB-735C170E3E0C"},{"code":"1012","name":"其他货币资金","id":"09BD769A-92A5-42CB-85F2-229B6B6599A8"},{"code":"1101","name":"交易性金融资产","id":"33AF3B44-5AD6-43AD-80FD-9A46229A37EE"},{"code":"1121","name":"应收票据","id":"4974A4FC-0AFF-499D-A4EC-62200D11C92F"},{"code":"1122","name":"应收账款","id":"906BFD42-D8AF-4F8C-B2E9-B75FDF8B90C8"},{"code":"1123","name":"预付账款","id":"7EE846A0-6CB4-4D0A-9EFE-C8013BAFD9B0"},{"code":"1131","name":"应收股利","id":"881DD24A-DC24-4B58-B7E7-91F96B86E132"},{"code":"1132","name":"应收利息","id":"C10F3FE9-394C-41DA-9EFB-A780736A1978"},{"code":"1221","name":"其他应收款","id":"68E05A4F-5735-4888-B731-D18DF0FD1F3D"},{"code":"1231","name":"坏账准备","id":"72A1C6B9-6237-4219-BDBD-C1663271982D"},{"code":"1321","name":"代理业务资产","id":"4005F252-B01F-4FC7-BD36-C7C0AC5706DF"},{"code":"1401","name":"材料采购","id":"2EDFB9A6-F4F0-4DA8-907E-9DD001E2D66F"},{"code":"1402","name":"在途物资","id":"8E62F684-DE30-4B46-B1D2-4501165169E3"},{"code":"1403","name":"原材料","id":"57F5C3D3-1A54-4BED-AAE2-6D0DE27D82D5"},{"code":"1404","name":"材料成本差异","id":"21005994-E030-4513-B4E4-9FC5F14F92EE"},{"code":"1405","name":"库存商品","id":"54A05EA8-E076-4AA2-954B-8F9AD1BC166C"},{"code":"1406","name":"发出商品","id":"17605AFC-BA77-4C12-8C10-7752E0D21D6A"},{"code":"1407","name":"商品进销差价","id":"F0CF67AB-1D87-4183-B889-4C1855F44B92"},{"code":"1408","name":"委托加工物资","id":"9AFF6DB2-A1AF-4B51-A19E-4CE76A5D7AF6"},{"code":"1471","name":"存货跌价准备","id":"7777DE01-6096-4488-A8FC-658021223416"},{"code":"1501","name":"持有至到期投资","id":"8F69B16A-7818-40CC-80C2-C05DF6340143"},{"code":"1502","name":"持有至到期投资减值准备","id":"6AAA7780-B8CD-44D3-8A45-46DE95A6C97E"},{"code":"1503","name":"可供出售金融资产","id":"412E4201-8508-4CE9-B7BB-5FA336ADD20A"},{"code":"1511","name":"长期股权投资","id":"70D44BA3-F2BA-485F-84B5-403DF711A6C7"},{"code":"1512","name":"长期股权投资减值准备","id":"7DDC5423-F696-44F6-88CF-5A3322201DAB"},{"code":"1521","name":"投资性房地产","id":"4866E1C9-53ED-4FF0-84F3-C1616E3ED643"},{"code":"1531","name":"长期应收款","id":"C63A5D5E-7238-4796-A8FC-93004FF5EE91"},{"code":"1532","name":"未实现融资收益","id":"F53863FF-BA99-43B8-A208-42BC1666E0FC"},{"code":"1601","name":"固定资产","id":"CBFD1F83-A4E3-4803-B666-9E5ECEA7C40B"},{"code":"1602","name":"累计折旧","id":"C0D3C958-CC4C-486D-98DF-FAA10D64AD5F"},{"code":"1603","name":"固定资产减值准备","id":"E1479169-1D5A-43C9-A8CC-48B66ACD3056"},{"code":"1604","name":"在建工程","id":"4241DEBE-7BE5-4EDF-A370-A28AE7CCD8DE"},{"code":"1605","name":"工程物资","id":"0CD3A562-6D00-4B69-9393-5C33D3C4A827"},{"code":"1606","name":"固定资产清理","id":"E01E3D31-3FC2-4658-91A0-7324E3BA3E79"},{"code":"1701","name":"无形资产","id":"B98D6EE4-A387-4E23-B764-9711764839AD"},{"code":"1702","name":"累计摊销","id":"821AD66C-42EA-4516-AF0C-7E23CDC40C74"},{"code":"1703","name":"无形资产减值准备","id":"4D8A88CF-3FED-4F3A-BA66-41FBE1E27EC3"},{"code":"1711","name":"商誉","id":"3FA89662-54E1-4D82-8B39-8D4B56A1827D"},{"code":"1801","name":"长期待摊费用","id":"FB55FBC4-985B-4BDF-908F-30A25429493E"},{"code":"1811","name":"递延所得税资产","id":"9835C4CB-2BBA-47AE-AF69-8E14C1A5039D"},{"code":"1901","name":"待处理财产损溢","id":"FBE22EE8-A2D6-475B-935E-B1762BFF4EDC"},{"code":"2001","name":"短期借款","id":"204E8E19-9905-4698-BECE-B82B0DD839A0"},{"code":"2101","name":"交易性金融负债","id":"503A350C-6306-4C23-A429-41648BFA85AB"},{"code":"2201","name":"应付票据","id":"203844D4-3365-4A07-A633-85BF8C5E6BAF"},{"code":"2202","name":"应付账款","id":"FC46CAC2-F4BA-4AEC-9CD3-812BE316F563"},{"code":"2203","name":"预收账款","id":"21971C70-F1A5-4A3B-9B5A-094F1E7A3458"},{"code":"2211","name":"应付职工薪酬","id":"14AD6741-663F-4753-8824-18258E769190"},{"code":"2221","name":"应交税费","id":"811BE902-B665-43C5-A698-0B878121F80C"},{"code":"222101","name":"应交增值税","id":"49F28BAF-6DD4-4703-96CC-5FBCE3776B4E"},{"code":"22210101","name":"进项税额","id":"76CE215C-EFC5-4F42-854B-2D9C14B5D3CD"},{"code":"22210102","name":"已交税费","id":"CD30EBFB-A984-435D-B9BB-E81230767BDB"},{"code":"22210103","name":"减免税款","id":"0894D259-2DD6-491A-A33D-5A4CF5B24D22"},{"code":"22210104","name":"出口抵减内销产品应纳税额","id":"7E55E254-AFB6-4FEA-B036-23409B1E9E64"},{"code":"22210105","name":"转出未交增值税","id":"B1FAA214-A625-43B2-94D6-056A45A82844"},{"code":"22210106","name":"销项税额","id":"71E90CEE-3D11-424D-BFD4-5A78C5301D60"},{"code":"22210107","name":"出口退税","id":"BC2EB723-B312-4E95-81B0-B2CDB76BEDC3"},{"code":"22210108","name":"进项税额转出","id":"D74596BE-9E8A-49A8-9CF5-EFF386B3EEB5"},{"code":"22210109","name":"转出多交增值税","id":"AFC0ED92-6E9C-4A15-992A-DB9560956A8B"},{"code":"222102","name":"未交增值税","id":"B0292CB7-E8CA-45E5-8B66-AFC970B2E897"},{"code":"222103","name":"预交增值税","id":"E871824B-1C38-49DC-8D19-531B56DF3E7D"},{"code":"222111","name":"应交消费税","id":"A9A6B49A-62D9-4635-A5CE-3EAA385DD615"},{"code":"222112","name":"应交资源税","id":"7742D64E-8B5F-46C8-8880-9F7CAA61E357"},{"code":"222113","name":"应交城市维护建设税","id":"6FD0E4A7-C0A3-4C9A-9298-0D2131B245B8"},{"code":"222114","name":"应交土地增值税","id":"B0BEA3C0-B4EB-411A-8407-263467BD89D1"},{"code":"222115","name":"应交房产税","id":"1D086705-C652-4913-BD92-DDA581B60F4A"},{"code":"222116","name":"应交土地使用税","id":"A385946E-5491-4B68-8625-D3C4EC38AD5F"},{"code":"222117","name":"应交车船使用税","id":"17FBB6E4-DAD8-4F3F-B164-C21AADDAF99F"},{"code":"222118","name":"应交教育费附加","id":"E14B9A45-9AE6-4D5F-AA14-CB544994FF20"},{"code":"222119","name":"应交地方教育费附加","id":"85AECF94-2825-42CD-BF14-D40BAC5913D1"},{"code":"222120","name":"应交矿产资源补偿费","id":"2A062A87-ED71-4D35-B6AE-6876840E82CC"},{"code":"222131","name":"应交所得税","id":"DB7051D1-C9AC-432C-BBA5-FBB4728605E2"},{"code":"2231","name":"应付利息","id":"E61651EB-484A-449C-B4B4-180FDAAD1A57"},{"code":"2232","name":"应付股利","id":"97BC718A-F4F7-416A-B225-7A0D31D215C1"},{"code":"2241","name":"其他应付款","id":"8D371158-7E77-4621-BADB-52CBB5155832"},{"code":"2314","name":"代理业务负债","id":"DC62D388-0B20-4AE1-AD8F-426DE0AE3990"},{"code":"2401","name":"递延收益","id":"41278AAD-B0EB-45D1-93DE-30315A228115"},{"code":"2501","name":"长期借款","id":"3A285F2C-BFDD-4D78-8925-4452964BE038"},{"code":"2502","name":"长期债券","id":"20F6D6FA-1094-46F6-A403-357C24B7E027"},{"code":"2701","name":"长期应付款","id":"ED9D3977-EFD7-42DB-AD72-74014101DE1B"},{"code":"2702","name":"未确认融资费用","id":"96581059-3D5D-4BBD-BD0A-A7B1F41E8D08"},{"code":"2711","name":"专项应付款","id":"E4DF99D2-7A93-4962-B499-850FA13E02FB"},{"code":"2801","name":"预计负债","id":"475E3B45-F0E8-4CAF-BE78-2ABF6F762BC6"},{"code":"2901","name":"递延所得税负债","id":"2EC396A9-CAFC-4610-AD02-6D9E0D8F4819"},{"code":"3101","name":"衍生工具","id":"A3218BC0-998F-4DA1-BD6A-BD15CCD082D4"},{"code":"3201","name":"套期工具","id":"6D983607-965A-4D79-9ADA-2B1AEE4D9E9D"},{"code":"3202","name":"被套期项目","id":"271776D5-80D7-4FD0-9479-BA94ABABE78A"},{"code":"4001","name":"实收资本","id":"41E891A1-C7FF-484A-9E25-CB98AF013131"},{"code":"4002","name":"资本公积","id":"98E7ECBC-F31B-46EC-8921-F3BC66E2537F"},{"code":"4101","name":"盈余公积","id":"FAA02F81-AF53-4B9F-9A20-BF0770C31423"},{"code":"4103","name":"本年利润","id":"6AC8D6A1-ECBE-4B31-9D90-DC12C8353F47"},{"code":"4104","name":"利润分配","id":"9972E823-5352-4F9C-8F69-A1FB886B77C9"},{"code":"4201","name":"库存股","id":"2DD5D0C3-2616-4649-B0ED-0B650CA6EE33"},{"code":"5001","name":"生产成本","id":"FDE4C55B-A55B-4D9B-A2AE-CF9A84F68596"},{"code":"5101","name":"制造费用","id":"EECA88AB-39E7-4899-AAF7-BF022040B87E"},{"code":"5201","name":"劳务成本","id":"FD0AF357-1D35-41D6-85F3-BAFDBBCA1449"},{"code":"5301","name":"研发支出","id":"96B5AD6D-D25B-41CC-8729-0AC5711D9273"},{"code":"6001","name":"主营业务收入","id":"5C2195AB-F7EA-4A71-B32A-D72DBABBE135"},{"code":"6051","name":"其他业务收入","id":"0AA11F94-B046-465B-89A5-0AFC37717E64"},{"code":"6101","name":"公允价值变动损益","id":"CBB854FC-985B-46AC-9209-7A7C1F6ECC15"},{"code":"6111","name":"投资收益","id":"828FA6F3-F38D-4AB8-AC13-152156C7CDC0"},{"code":"6301","name":"营业外收入","id":"8083E788-84A1-44A0-B865-AEA8923E7185"},{"code":"6401","name":"主营业务成本","id":"AF2FC429-AB4A-42B4-8890-20EC4FBF2B8E"},{"code":"6402","name":"其他业务支出","id":"F81D6832-09E8-41DB-AF57-636790A03DBD"},{"code":"6405","name":"税金及附加","id":"CCB523E3-EC85-4DCD-B013-EF0CFBAA14AF"},{"code":"640501","name":"消费税","id":"3ABDF15A-F501-4DE9-83B7-60FF04655CB8"},{"code":"640502","name":"城市维护建设税","id":"B8A0E437-2371-4652-BB21-8B77FBE055C2"},{"code":"640503","name":"资源税","id":"8F8E7725-4E6D-41F1-B3C8-1514B6B0F7DC"},{"code":"640504","name":"教育费附加","id":"91041E8B-45F5-4315-8F6C-F47FA76F6D00"},{"code":"640505","name":"地方教育费附加","id":"4C33B480-B37C-494E-8B78-9BE9DA98F4EF"},{"code":"6601","name":"销售费用","id":"EDA4A142-89EC-42C0-82D6-C57CE4B9E4D3"},{"code":"660101","name":"工资","id":"8636BC2E-539A-43A2-BABF-5E0B84167780"},{"code":"6602","name":"管理费用","id":"E7C56D0F-D67D-4E92-B9B4-50F345BF8692"},{"code":"660201","name":"工资","id":"A8A1438D-9A6F-4615-92C5-E5F8DA66B7D0"},{"code":"6603","name":"财务费用","id":"0C59C602-C334-4BF9-AAA0-C430D8445973"},{"code":"6604","name":"勘探费用","id":"EC42427A-9387-4DE1-BD1A-FCDDE5DDA7F9"},{"code":"6701","name":"资产减值损失","id":"5DD8D109-DFD6-456A-81EE-84E29A280D7A"},{"code":"6711","name":"营业外支出","id":"29A5CED2-4952-40DC-9A2B-AC84B5C47ECF"},{"code":"6801","name":"所得税","id":"FCEA3563-4D77-40D1-BA12-6A2EF19C7A94"}],"success":true,"message":"","totalnum":null}